{"cameraMode":{"drawMode":0,"name":"Shaded","section":"Shading Mode"},"sceneLighting":false,"audioPlay":false,"sceneViewState":{"showFog":true,"showMaterialUpdate":false,"showSkybox":false,"showFlares":true,"showImageEffects":true,"showParticleSystems":true},"in2DMode":false,"pivot":{"x":0.0,"y":2.549999713897705,"z":0.8899998664855957},"rotation":{"x":0.24387681484222413,"y":0.3158239722251892,"z":-0.08437949419021607,"w":0.9131141901016235},"size":10.286385536193848,"orthographic":false}