{"cameraMode":{"drawMode":0,"name":"Shaded","section":"Shading Mode"},"sceneLighting":false,"audioPlay":false,"sceneViewState":{"showFog":true,"showMaterialUpdate":false,"showSkybox":false,"showFlares":true,"showImageEffects":true,"showParticleSystems":true},"in2DMode":false,"pivot":{"x":1.6404876708984376,"y":1.6263456344604493,"z":4.639999866485596},"rotation":{"x":0.1773122251033783,"y":0.3445415198802948,"z":-0.06646741926670075,"w":0.9195400476455689},"size":10.0,"orthographic":false}