{"cameraMode":{"drawMode":0,"name":"Shaded","section":"Shading Mode"},"sceneLighting":false,"audioPlay":false,"sceneViewState":{"showFog":true,"showMaterialUpdate":false,"showSkybox":false,"showFlares":true,"showImageEffects":true,"showParticleSystems":true},"in2DMode":false,"pivot":{"x":-0.11109471321105957,"y":0.7686808705329895,"z":-0.07116580009460449},"rotation":{"x":-0.07809438556432724,"y":0.9036033153533936,"z":-0.18693383038043977,"w":-0.37746942043304446},"size":7.476922512054443,"orthographic":false}