{"cameraMode":{"drawMode":0,"name":"Shaded","section":"Shading Mode"},"sceneLighting":false,"audioPlay":false,"sceneViewState":{"showFog":true,"showMaterialUpdate":false,"showSkybox":false,"showFlares":true,"showImageEffects":true,"showParticleSystems":true},"in2DMode":false,"pivot":{"x":1.8031222820281983,"y":1.8031222820281983,"z":0.8899999856948853},"rotation":{"x":0.24387681484222413,"y":0.3158239722251892,"z":-0.08437949419021607,"w":0.9131141901016235},"size":6.607396125793457,"orthographic":false}