{"cameraMode":{"drawMode":0,"name":"Shaded","section":"Shading Mode"},"sceneLighting":true,"audioPlay":false,"sceneViewState":{"showFog":true,"showMaterialUpdate":false,"showSkybox":true,"showFlares":true,"showImageEffects":true,"showParticleSystems":true},"in2DMode":false,"pivot":{"x":4.9412841796875,"y":-4.742191314697266,"z":-7.757255554199219},"rotation":{"x":0.3759675621986389,"y":0.2651944160461426,"z":-0.11321930587291718,"w":0.8806406855583191},"size":74.13298797607422,"orthographic":false}