{"cameraMode":{"drawMode":0,"name":"Shaded","section":"Shading Mode"},"sceneLighting":false,"audioPlay":false,"sceneViewState":{"showFog":true,"showMaterialUpdate":false,"showSkybox":false,"showFlares":true,"showImageEffects":true,"showParticleSystems":true},"in2DMode":false,"pivot":{"x":0.7273316383361816,"y":1.3858203887939454,"z":1.0213208198547364},"rotation":{"x":0.1053471490740776,"y":0.5253990888595581,"z":-0.06574838608503342,"w":0.8417593836784363},"size":5.86924934387207,"orthographic":false}