{"cameraMode":{"drawMode":0,"name":"Shaded","section":"Shading Mode"},"sceneLighting":false,"audioPlay":false,"sceneViewState":{"showFog":true,"showMaterialUpdate":false,"showSkybox":false,"showFlares":true,"showImageEffects":true,"showParticleSystems":true},"in2DMode":false,"pivot":{"x":-0.731153130531311,"y":-0.010425209999084473,"z":2.2563304901123049},"rotation":{"x":-0.10774007439613342,"y":-0.6622048020362854,"z":0.0970250740647316,"w":-0.7351766228675842},"size":7.703359127044678,"orthographic":false}