{"cameraMode":{"drawMode":0,"name":"Shaded","section":"Shading Mode"},"sceneLighting":true,"audioPlay":false,"sceneViewState":{"showFog":true,"showMaterialUpdate":false,"showSkybox":true,"showFlares":true,"showImageEffects":true,"showParticleSystems":true},"in2DMode":false,"pivot":{"x":-3.3376502990722658,"y":-5.442586898803711,"z":24.322795867919923},"rotation":{"x":0.3902609348297119,"y":-0.4741625189781189,"z":0.24685445427894593,"w":0.7496215105056763},"size":2.49143123626709,"orthographic":false}