{"cameraMode":{"drawMode":0,"name":"Shaded","section":"Shading Mode"},"sceneLighting":true,"audioPlay":false,"sceneViewState":{"showFog":true,"showMaterialUpdate":false,"showSkybox":true,"showFlares":true,"showImageEffects":true,"showParticleSystems":true},"in2DMode":false,"pivot":{"x":-0.916010856628418,"y":3.132585287094116,"z":5.282965660095215},"rotation":{"x":0.08787579834461212,"y":0.20907707512378694,"z":-0.018867891281843187,"w":0.9737602472305298},"size":7.8449859619140629,"orthographic":false}