{"cameraMode":{"drawMode":0,"name":"Shaded","section":"Shading Mode"},"sceneLighting":false,"audioPlay":false,"sceneViewState":{"showFog":true,"showMaterialUpdate":false,"showSkybox":false,"showFlares":true,"showImageEffects":true,"showParticleSystems":true},"in2DMode":false,"pivot":{"x":1.5586965084075928,"y":-4.4090046882629398,"z":-6.281403541564941},"rotation":{"x":0.018195515498518945,"y":0.9607769250869751,"z":-0.2690075635910034,"w":0.06494838744401932},"size":6.502893924713135,"orthographic":false}