{"cameraMode":{"drawMode":0,"name":"Shaded","section":"Shading Mode"},"sceneLighting":true,"audioPlay":false,"sceneViewState":{"showFog":true,"showMaterialUpdate":false,"showSkybox":true,"showFlares":true,"showImageEffects":true,"showParticleSystems":true},"in2DMode":false,"pivot":{"x":-37.677093505859378,"y":0.6512606739997864,"z":-1.0143775939941407},"rotation":{"x":-0.015458443202078343,"y":0.893420398235321,"z":-0.030835244804620744,"w":-0.44789066910743716},"size":6.886337757110596,"orthographic":false}