{"cameraMode":{"drawMode":0,"name":"Shaded","section":"Shading Mode"},"sceneLighting":false,"audioPlay":false,"sceneViewState":{"showFog":true,"showMaterialUpdate":false,"showSkybox":false,"showFlares":true,"showImageEffects":true,"showParticleSystems":true},"in2DMode":false,"pivot":{"x":0.6237415075302124,"y":-0.571446418762207,"z":0.7517228126525879},"rotation":{"x":-0.2896003723144531,"y":0.10082945972681046,"z":-0.03069099225103855,"w":-0.9513401985168457},"size":2.9122776985168459,"orthographic":false}