{"cameraMode":{"drawMode":0,"name":"Shaded","section":"Shading Mode"},"sceneLighting":true,"audioPlay":false,"sceneViewState":{"showFog":true,"showMaterialUpdate":false,"showSkybox":true,"showFlares":true,"showImageEffects":true,"showParticleSystems":true},"in2DMode":false,"pivot":{"x":83.43452453613281,"y":14.140632629394532,"z":-30.41442108154297},"rotation":{"x":0.328316867351532,"y":0.3478156328201294,"z":-0.131514772772789,"w":0.8682953715324402},"size":61.427371978759769,"orthographic":false}