{"cameraMode":{"drawMode":0,"name":"Shaded","section":"Shading Mode"},"sceneLighting":false,"audioPlay":false,"sceneViewState":{"showFog":true,"showMaterialUpdate":false,"showSkybox":false,"showFlares":true,"showImageEffects":true,"showParticleSystems":true},"in2DMode":false,"pivot":{"x":-0.30968284606933596,"y":2.903125762939453,"z":0.7871513366699219},"rotation":{"x":-0.24230971932411195,"y":-0.14378702640533448,"z":0.0362364687025547,"w":-0.9589083194732666},"size":8.539590835571289,"orthographic":false}