{"cameraMode":{"drawMode":0,"name":"Shaded","section":"Shading Mode"},"sceneLighting":false,"audioPlay":false,"sceneViewState":{"showFog":true,"showMaterialUpdate":false,"showSkybox":false,"showFlares":true,"showImageEffects":true,"showParticleSystems":true},"in2DMode":false,"pivot":{"x":-0.14812636375427247,"y":1.0249075889587403,"z":-0.09488773345947266},"rotation":{"x":-0.03536593168973923,"y":-0.18511754274368287,"z":-0.006692786701023579,"w":0.9820767045021057},"size":4.32912015914917,"orthographic":false}