{"cameraMode":{"drawMode":0,"name":"Shaded","section":"Shading Mode"},"sceneLighting":false,"audioPlay":false,"sceneViewState":{"showFog":true,"showMaterialUpdate":false,"showSkybox":false,"showFlares":true,"showImageEffects":true,"showParticleSystems":true},"in2DMode":false,"pivot":{"x":-0.04972124099731445,"y":0.737767219543457,"z":0.052954137325286868},"rotation":{"x":-0.019077345728874208,"y":-0.9639261960983276,"z":0.07402454316616059,"w":-0.25581449270248415},"size":2.3468403816223146,"orthographic":false}