{"cameraMode":{"drawMode":0,"name":"Shaded","section":"Shading Mode"},"sceneLighting":false,"audioPlay":false,"sceneViewState":{"showFog":true,"showMaterialUpdate":false,"showSkybox":false,"showFlares":true,"showImageEffects":true,"showParticleSystems":true},"in2DMode":false,"pivot":{"x":-0.00003123283386230469,"y":1.3092889785766602,"z":0.0},"rotation":{"x":0.19244547188282014,"y":0.2631489038467407,"z":-0.05338704213500023,"w":0.9442080855369568},"size":2.7800025939941408,"orthographic":false}