{"cameraMode":{"drawMode":0,"name":"Shaded","section":"Shading Mode"},"sceneLighting":false,"audioPlay":false,"sceneViewState":{"showFog":true,"showMaterialUpdate":false,"showSkybox":false,"showFlares":true,"showImageEffects":true,"showParticleSystems":true},"in2DMode":false,"pivot":{"x":-0.9391288757324219,"y":0.1403970718383789,"z":1.9276108741760255},"rotation":{"x":-0.10819768160581589,"y":-0.8541099429130554,"z":0.19681280851364137,"w":-0.4693489372730255},"size":7.3739333152771,"orthographic":false}