{"cameraMode":{"drawMode":0,"name":"Shaded","section":"Shading Mode"},"sceneLighting":true,"audioPlay":false,"sceneViewState":{"showFog":true,"showMaterialUpdate":false,"showSkybox":true,"showFlares":true,"showImageEffects":true,"showParticleSystems":true},"in2DMode":false,"pivot":{"x":35.890316009521487,"y":10.302879333496094,"z":22.051101684570314},"rotation":{"x":-0.20862576365470887,"y":-0.6194281578063965,"z":0.17536546289920808,"w":-0.7363854646682739},"size":30.68339729309082,"orthographic":false}