{"cameraMode":{"drawMode":0,"name":"Shaded","section":"Shading Mode"},"sceneLighting":false,"audioPlay":false,"sceneViewState":{"showFog":true,"showMaterialUpdate":false,"showSkybox":false,"showFlares":true,"showImageEffects":true,"showParticleSystems":true},"in2DMode":false,"pivot":{"x":2.192031145095825,"y":2.05768084526062,"z":1.090000033378601},"rotation":{"x":-0.19334165751934052,"y":-0.40943649411201479,"z":0.08908616006374359,"w":-0.8872706890106201},"size":3.1979916095733644,"orthographic":false}